,Title,Star,Price
0,A Light in the Attic,RATING : Three Star,51.77
1,Tipping the Velvet,RATING : One Star,53.74
2,Soumission,RATING : One Star,50.1
3,Sharp Objects,RATING : Four Star,47.82
4,Sapiens: A Brief History of Humankind,RATING : Five Star,54.23
5,The Requiem Red,RATING : One Star,22.65
6,The Dirty Little Secrets of Getting Your Dream Job,RATING : Four Star,33.34
7,"The Coming Woman: A Novel Based on the Life of the Infamous Feminist, Victoria Woodhull",RATING : Three Star,17.93
8,The Boys in the Boat: Nine Americans and Their Epic Quest for Gold at the 1936 Berlin Olympics,RATING : Four Star,22.6
9,The Black Maria,RATING : One Star,52.15
10,"Starving Hearts (Triangular Trade Trilogy, #1)",RATING : Two Star,13.99
11,Shakespeare's Sonnets,RATING : Four Star,20.66
12,Set Me Free,RATING : Five Star,17.46
13,Scott Pilgrim's Precious Little Life (Scott Pilgrim #1),RATING : Five Star,52.29
14,Rip it Up and Start Again,RATING : Five Star,35.02
15,"Our Band Could Be Your Life: Scenes from the American Indie Underground, 1981-1991",RATING : Three Star,57.25
16,Olio,RATING : One Star,23.88
17,Mesaerion: The Best Science Fiction Stories 1800-1849,RATING : One Star,37.59
18,Libertarianism for Beginners,RATING : Two Star,51.33
19,It's Only the Himalayas,RATING : Two Star,45.17
20,In Her Wake,RATING : One Star,12.84
21,How Music Works,RATING : Two Star,37.32
22,"Foolproof Preserving: A Guide to Small Batch Jams, Jellies, Pickles, Condiments, and More: A Foolproof Guide to Making Small Batch Jams, Jellies, Pickles, Condiments, and More",RATING : Three Star,30.52
23,Chase Me (Paris Nights #2),RATING : Five Star,25.27
24,Black Dust,RATING : Five Star,34.53
25,Birdsong: A Story in Pictures,RATING : Three Star,54.64
26,America's Cradle of Quarterbacks: Western Pennsylvania's Football Factory from Johnny Unitas to Joe Montana,RATING : Three Star,22.5
27,Aladdin and His Wonderful Lamp,RATING : Three Star,53.13
28,Worlds Elsewhere: Journeys Around Shakespeareâs Globe,RATING : Five Star,40.3
29,Wall and Piece,RATING : Four Star,44.18
30,The Four Agreements: A Practical Guide to Personal Freedom,RATING : Five Star,17.66
31,The Five Love Languages: How to Express Heartfelt Commitment to Your Mate,RATING : Three Star,31.05
32,The Elephant Tree,RATING : Five Star,23.82
33,The Bear and the Piano,RATING : One Star,36.89
34,Sophie's World,RATING : Five Star,15.94
35,Penny Maybe,RATING : Three Star,33.29
36,Maude (1883-1993):She Grew Up with the country,RATING : Two Star,18.02
37,"In a Dark, Dark Wood",RATING : One Star,19.63
38,Behind Closed Doors,RATING : Four Star,52.22
39,You can't bury them all: Poems,RATING : Two Star,33.63
40,Slow States of Collapse: Poems,RATING : Three Star,57.31
41,Reasons to Stay Alive,RATING : Two Star,26.41
42,Private Paris (Private #10),RATING : Five Star,47.61
43,#HigherSelfie: Wake Up Your Life. Free Your Soul. Find Your Tribe.,RATING : Five Star,23.11
44,Without Borders (Wanderlove #1),RATING : Two Star,45.07
45,When We Collided,RATING : One Star,31.77
46,"We Love You, Charlie Freeman",RATING : Five Star,50.27
47,Untitled Collection: Sabbath Poems 2014,RATING : Four Star,14.27
48,"Unseen City: The Majesty of Pigeons, the Discreet Charm of Snails & Other Wonders of the Urban Wilderness",RATING : Four Star,44.18
49,Unicorn Tracks,RATING : Three Star,18.78
50,"Unbound: How Eight Technologies Made Us Human, Transformed Society, and Brought Our World to the Brink",RATING : One Star,25.52
51,Tsubasa: WoRLD CHRoNiCLE 2 (Tsubasa WoRLD CHRoNiCLE #2),RATING : One Star,16.28
52,Throwing Rocks at the Google Bus: How Growth Became the Enemy of Prosperity,RATING : Three Star,31.12
53,This One Summer,RATING : Four Star,19.49
54,Thirst,RATING : Five Star,17.27
55,The Torch Is Passed: A Harding Family Story,RATING : One Star,19.09
56,The Secret of Dreadwillow Carse,RATING : One Star,56.13
57,"The Pioneer Woman Cooks: Dinnertime: Comfort Classics, Freezer Food, 16-Minute Meals, and Other Delicious Ways to Solve Supper!",RATING : One Star,56.41
58,The Past Never Ends,RATING : Four Star,56.5
59,The Natural History of Us (The Fine Art of Pretending #2),RATING : Three Star,45.22
60,The Nameless City (The Nameless City #1),RATING : Four Star,38.16
61,The Murder That Never Was (Forensic Instincts #5),RATING : Three Star,54.11
62,The Most Perfect Thing: Inside (and Outside) a Bird's Egg,RATING : Four Star,42.96
63,"The Mindfulness and Acceptance Workbook for Anxiety: A Guide to Breaking Free from Anxiety, Phobias, and Worry Using Acceptance and Commitment Therapy",RATING : Four Star,23.89
64,The Life-Changing Magic of Tidying Up: The Japanese Art of Decluttering and Organizing,RATING : Three Star,16.77
65,"The Inefficiency Assassin: Time Management Tactics for Working Smarter, Not Longer",RATING : Five Star,20.59
66,The Gutsy Girl: Escapades for Your Life of Epic Adventure,RATING : One Star,37.13
67,The Electric Pencil: Drawings from Inside State Hospital No. 3,RATING : One Star,56.06
68,The Death of Humanity: and the Case for Life,RATING : Four Star,58.11
69,"The Bulletproof Diet: Lose up to a Pound a Day, Reclaim Energy and Focus, Upgrade Your Life",RATING : Three Star,49.05
70,The Art Forger,RATING : Three Star,40.76
71,The Age of Genius: The Seventeenth Century and the Birth of the Modern Mind,RATING : One Star,19.73
72,The Activist's Tao Te Ching: Ancient Advice for a Modern Revolution,RATING : Five Star,32.24
73,Spark Joy: An Illustrated Master Class on the Art of Organizing and Tidying Up,RATING : Four Star,41.83
74,Soul Reader,RATING : Two Star,39.58
75,Security,RATING : Two Star,39.25
76,"Saga, Volume 6 (Saga (Collected Editions) #6)",RATING : Three Star,25.02
77,"Saga, Volume 5 (Saga (Collected Editions) #5)",RATING : Two Star,51.04
78,Reskilling America: Learning to Labor in the Twenty-First Century,RATING : Two Star,19.83
79,"Rat Queens, Vol. 3: Demons (Rat Queens (Collected Editions) #11-15)",RATING : Three Star,50.4
80,"Princess Jellyfish 2-in-1 Omnibus, Vol. 01 (Princess Jellyfish 2-in-1 Omnibus #1)",RATING : Five Star,13.61
81,Princess Between Worlds (Wide-Awake Princess #5),RATING : Five Star,13.34
82,"Pop Gun War, Volume 1: Gift",RATING : One Star,18.97
83,"Political Suicide: Missteps, Peccadilloes, Bad Calls, Backroom Hijinx, Sordid Pasts, Rotten Breaks, and Just Plain Dumb Mistakes in the Annals of American Politics",RATING : Two Star,36.28
84,Patience,RATING : Three Star,10.16
85,"Outcast, Vol. 1: A Darkness Surrounds Him (Outcast #1)",RATING : Four Star,15.44
86,orange: The Complete Collection 1 (orange: The Complete Collection #1),RATING : One Star,48.41
87,Online Marketing for Busy Authors: A Step-By-Step Guide,RATING : One Star,46.35
88,On a Midnight Clear,RATING : Three Star,14.07
89,Obsidian (Lux #1),RATING : Two Star,14.86
90,My Paris Kitchen: Recipes and Stories,RATING : Two Star,33.37
91,Masks and Shadows,RATING : Two Star,56.4
92,"Mama Tried: Traditional Italian Cooking for the Screwed, Crude, Vegan, and Tattooed",RATING : Four Star,14.02
93,"Lumberjanes, Vol. 2: Friendship to the Max (Lumberjanes #5-8)",RATING : Two Star,46.91
94,"Lumberjanes, Vol. 1: Beware the Kitten Holy (Lumberjanes #1-4)",RATING : Three Star,45.61
95,Lumberjanes Vol. 3: A Terrible Plan (Lumberjanes #9-12),RATING : Two Star,19.92
96,"Layered: Baking, Building, and Styling Spectacular Cakes",RATING : One Star,40.11
97,Judo: Seven Steps to Black Belt (an Introductory Guide for Beginners),RATING : Two Star,53.9
98,Join,RATING : Five Star,35.67
99,In the Country We Love: My Family Divided,RATING : Four Star,22.0
100,Immunity: How Elie Metchnikoff Changed the Course of Modern Medicine,RATING : Five Star,57.36
101,"I Hate Fairyland, Vol. 1: Madly Ever After (I Hate Fairyland (Compilations) #1-5)",RATING : Two Star,29.17
102,I am a Hero Omnibus Volume 1,RATING : Three Star,54.63
103,How to Be Miserable: 40 Strategies You Already Use,RATING : One Star,46.03
104,Her Backup Boyfriend (The Sorensen Family #1),RATING : One Star,33.97
105,"Giant Days, Vol. 2 (Giant Days #5-8)",RATING : Two Star,22.11
106,Forever and Forever: The Courtship of Henry Longfellow and Fanny Appleton,RATING : Three Star,29.69
107,First and First (Five Boroughs #3),RATING : Four Star,15.97
108,Fifty Shades Darker (Fifty Shades #2),RATING : One Star,21.96
109,Everydata: The Misinformation Hidden in the Little Data You Consume Every Day,RATING : Two Star,54.35
110,"Don't Be a Jerk: And Other Practical Advice from Dogen, Japan's Greatest Zen Master",RATING : Two Star,37.97
111,Danganronpa Volume 1,RATING : Four Star,51.99
112,Crown of Midnight (Throne of Glass #2),RATING : Three Star,43.29
113,"Codename Baboushka, Volume 1: The Conclave of Death",RATING : Four Star,36.72
114,Camp Midnight,RATING : Four Star,17.08
115,Call the Nurse: True Stories of a Country Nurse on a Scottish Isle,RATING : Five Star,29.14
116,Burning,RATING : Three Star,28.81
117,Bossypants,RATING : Two Star,49.46
118,"Bitch Planet, Vol. 1: Extraordinary Machine (Bitch Planet (Collected Editions))",RATING : Two Star,37.92
119,"Avatar: The Last Airbender: Smoke and Shadow, Part 3 (Smoke and Shadow #3)",RATING : Two Star,28.09
120,Algorithms to Live By: The Computer Science of Human Decisions,RATING : One Star,30.81
121,A World of Flavor: Your Gluten Free Passport,RATING : One Star,42.95
122,"A Piece of Sky, a Grain of Rice: A Memoir in Four Meditations",RATING : Five Star,56.76
123,A Murder in Time,RATING : One Star,16.64
124,A Flight of Arrows (The Pathfinders #2),RATING : Five Star,55.53
125,A Fierce and Subtle Poison,RATING : Four Star,28.13
126,A Court of Thorns and Roses (A Court of Thorns and Roses #1),RATING : One Star,52.37
127,(Un)Qualified: How God Uses Broken People to Do Big Things,RATING : Five Star,54.0
128,You Are What You Love: The Spiritual Power of Habit,RATING : Four Star,21.87
129,"William Shakespeare's Star Wars: Verily, A New Hope (William Shakespeare's Star Wars #4)",RATING : Four Star,43.3
130,Tuesday Nights in 1980,RATING : Two Star,21.04
131,Tracing Numbers on a Train,RATING : Three Star,41.6
132,Throne of Glass (Throne of Glass #1),RATING : Three Star,35.07
133,Thomas Jefferson and the Tripoli Pirates: The Forgotten War That Changed American History,RATING : One Star,59.64
134,Thirteen Reasons Why,RATING : One Star,52.72
135,The White Cat and the Monk: A Retelling of the Poem âPangur BÃ¡nâ,RATING : Four Star,58.08
136,The Wedding Dress,RATING : One Star,24.12
137,The Vacationers,RATING : Four Star,42.15
138,The Third Wave: An Entrepreneurâs Vision of the Future,RATING : Five Star,12.61
139,The Stranger,RATING : Four Star,17.44
140,The Shadow Hero (The Shadow Hero),RATING : One Star,33.14
141,The Secret (The Secret #1),RATING : Four Star,27.37
142,The Regional Office Is Under Attack!,RATING : Five Star,51.36
143,The Psychopath Test: A Journey Through the Madness Industry,RATING : Two Star,36.0
144,The Project,RATING : One Star,10.65
145,The Power of Now: A Guide to Spiritual Enlightenment,RATING : Two Star,43.54
146,The Omnivore's Dilemma: A Natural History of Four Meals,RATING : Two Star,38.21
147,The Nerdy Nummies Cookbook: Sweet Treats for the Geek in All of Us,RATING : Five Star,37.34
148,The Murder of Roger Ackroyd (Hercule Poirot #4),RATING : Four Star,44.1
149,The Mistake (Off-Campus #2),RATING : Three Star,43.29
150,The Matchmaker's Playbook (Wingmen Inc. #1),RATING : One Star,55.85
151,The Love and Lemons Cookbook: An Apple-to-Zucchini Celebration of Impromptu Cooking,RATING : Two Star,37.6
152,The Long Shadow of Small Ghosts: Murder and Memory in an American City,RATING : One Star,10.97
153,The Kite Runner,RATING : Four Star,41.82
154,The House by the Lake,RATING : One Star,36.95
155,The Glittering Court (The Glittering Court #1),RATING : One Star,44.28
156,The Girl on the Train,RATING : Two Star,55.02
157,The Genius of Birds,RATING : One Star,17.24
158,The Emerald Mystery,RATING : Two Star,23.15
159,The Cookies & Cups Cookbook: 125+ sweet & savory recipes reminding you to Always Eat Dessert First,RATING : One Star,41.25
160,The Bridge to Consciousness: I'm Writing the Bridge Between Science and Our Old and New Beliefs.,RATING : Three Star,32.0
161,The Artist's Way: A Spiritual Path to Higher Creativity,RATING : Five Star,38.49
162,The Art of War,RATING : Five Star,33.34
163,The Argonauts,RATING : Two Star,10.93
164,The 10% Entrepreneur: Live Your Startup Dream Without Quitting Your Day Job,RATING : Three Star,27.55
165,Suddenly in Love (Lake Haven #1),RATING : Two Star,55.99
166,Something More Than This,RATING : Four Star,16.24
167,Soft Apocalypse,RATING : Two Star,26.12
168,So You've Been Publicly Shamed,RATING : Two Star,12.23
169,Shoe Dog: A Memoir by the Creator of NIKE,RATING : Two Star,23.99
170,"Shobu Samurai, Project Aryoku (#3)",RATING : Three Star,29.06
171,Secrets and Lace (Fatal Hearts #1),RATING : One Star,20.27
172,Scarlett Epstein Hates It Here,RATING : Five Star,43.55
173,Romero and Juliet: A Tragic Tale of Love and Zombies,RATING : One Star,36.94
174,Redeeming Love,RATING : Five Star,20.47
175,Poses for Artists Volume 1 - Dynamic and Sitting Poses: An Essential Reference for Figure Drawing and the Human Form,RATING : One Star,41.06
176,Poems That Make Grown Women Cry,RATING : Four Star,14.19
177,"Nightingale, Sing",RATING : One Star,38.28
178,Night Sky with Exit Wounds,RATING : One Star,41.05
179,Mrs. Houdini,RATING : Five Star,30.25
180,Modern Romance,RATING : Five Star,28.26
181,Miss Peregrineâs Home for Peculiar Children (Miss Peregrineâs Peculiar Children #1),RATING : One Star,10.76
182,Louisa: The Extraordinary Life of Mrs. Adams,RATING : Two Star,16.85
183,Little Red,RATING : Three Star,13.47
184,Library of Souls (Miss Peregrineâs Peculiar Children #3),RATING : Five Star,48.56
185,Large Print Heart of the Pride,RATING : Two Star,19.15
186,I Had a Nice Time And Other Lies...: How to find love & sh*t like that,RATING : Four Star,57.36
187,Hollow City (Miss Peregrineâs Peculiar Children #2),RATING : One Star,42.98
188,Grumbles,RATING : Two Star,22.16
189,Full Moon over Noahâs Ark: An Odyssey to Mount Ararat and Beyond,RATING : Four Star,49.43
190,Frostbite (Vampire Academy #2),RATING : Five Star,29.99
191,Follow You Home,RATING : One Star,21.36
192,First Steps for New Christians (Print Edition),RATING : One Star,29.0
193,Finders Keepers (Bill Hodges Trilogy #2),RATING : Five Star,53.53
194,"Fables, Vol. 1: Legends in Exile (Fables #1)",RATING : Four Star,41.62
195,Eureka Trivia 6.0,RATING : Four Star,54.59
196,Drive: The Surprising Truth About What Motivates Us,RATING : Four Star,34.95
197,Done Rubbed Out (Reightman & Bailey #1),RATING : Five Star,37.72
198,Doing It Over (Most Likely To #1),RATING : Three Star,35.61
199,"Deliciously Ella Every Day: Quick and Easy Recipes for Gluten-Free Snacks, Packed Lunches, and Simple Meals",RATING : Three Star,42.16
200,Dark Notes,RATING : Five Star,19.19
201,"Daring Greatly: How the Courage to Be Vulnerable Transforms the Way We Live, Love, Parent, and Lead",RATING : Three Star,19.43
202,Close to You,RATING : Four Star,49.46
203,Chasing Heaven: What Dying Taught Me About Living,RATING : Two Star,37.8
204,Big Magic: Creative Living Beyond Fear,RATING : Three Star,30.8
205,Becoming Wise: An Inquiry into the Mystery and Art of Living,RATING : Two Star,27.43
206,Beauty Restored (Riley Family Legacy Novellas #3),RATING : Two Star,11.11
207,Batman: The Long Halloween (Batman),RATING : Two Star,36.5
208,Batman: The Dark Knight Returns (Batman),RATING : Five Star,15.38
209,Ayumi's Violin,RATING : Two Star,15.48
210,Anonymous,RATING : Four Star,46.82
211,Amy Meets the Saints and Sages,RATING : Three Star,18.46
212,Amid the Chaos,RATING : One Star,36.58
213,Amatus,RATING : Five Star,50.54
214,Agnostic: A Spirited Manifesto,RATING : Five Star,12.51
215,Zealot: The Life and Times of Jesus of Nazareth,RATING : Three Star,24.7
216,You (You #1),RATING : Five Star,43.61
217,"Wonder Woman: Earth One, Volume One (Wonder Woman: Earth One #1)",RATING : Four Star,37.34
218,Wild Swans,RATING : Two Star,14.36
219,Why the Right Went Wrong: Conservatism--From Goldwater to the Tea Party and Beyond,RATING : Four Star,52.65
220,Whole Lotta Creativity Going On: 60 Fun and Unusual Exercises to Awaken and Strengthen Your Creativity,RATING : Four Star,38.2
221,What's It Like in Space?: Stories from Astronauts Who've Been There,RATING : Two Star,19.6
222,"We Are Robin, Vol. 1: The Vigilante Business (We Are Robin #1)",RATING : One Star,53.9
223,Walt Disney's Alice in Wonderland,RATING : Five Star,12.96
224,V for Vendetta (V for Vendetta Complete),RATING : Four Star,37.1
225,Until Friday Night (The Field Party #1),RATING : Two Star,46.31
226,"Unbroken: A World War II Story of Survival, Resilience, and Redemption",RATING : Two Star,45.95
227,Twenty Yawns,RATING : Two Star,22.08
228,Through the Woods,RATING : Two Star,25.38
229,This Is Where It Ends,RATING : Two Star,27.12
230,The Year of Magical Thinking,RATING : Two Star,43.04
231,The Wright Brothers,RATING : Four Star,56.8
232,The White Queen (The Cousins' War #1),RATING : Five Star,25.91
233,The Wedding Pact (The O'Malleys #2),RATING : Three Star,32.61
234,The Time Keeper,RATING : Five Star,27.88
235,The Testament of Mary,RATING : Four Star,52.67
236,The Star-Touched Queen,RATING : Five Star,46.02
237,The Songs of the Gods,RATING : Five Star,44.48
238,The Song of Achilles,RATING : Five Star,37.4
239,The Rosie Project (Don Tillman #1),RATING : One Star,54.04
240,The Power of Habit: Why We Do What We Do in Life and Business,RATING : Three Star,16.88
241,The Marriage of Opposites,RATING : Four Star,28.08
242,The Lucifer Effect: Understanding How Good People Turn Evil,RATING : One Star,10.4
243,The Long Haul (Diary of a Wimpy Kid #9),RATING : One Star,44.07
244,The Loney,RATING : One Star,23.4
245,The Literature Book (Big Ideas Simply Explained),RATING : Three Star,17.43
246,The Last Mile (Amos Decker #2),RATING : Two Star,54.21
247,The Immortal Life of Henrietta Lacks,RATING : Two Star,40.67
248,The Hidden Oracle (The Trials of Apollo #1),RATING : Two Star,52.26
249,The Help Yourself Cookbook for Kids: 60 Easy Plant-Based Recipes Kids Can Make to Stay Healthy and Save the Earth,RATING : Three Star,28.77
250,The Guilty (Will Robie #4),RATING : Two Star,13.82
251,The First Hostage (J.B. Collins #2),RATING : Three Star,25.85
252,The Dovekeepers,RATING : One Star,48.78
253,The Darkest Lie,RATING : Five Star,35.35
254,The Bane Chronicles (The Bane Chronicles #1-11),RATING : Four Star,44.73
255,The Bad-Ass Librarians of Timbuktu: And Their Race to Save the Worldâs Most Precious Manuscripts,RATING : One Star,15.77
256,The 14th Colony (Cotton Malone #11),RATING : One Star,39.24
257,That Darkness (Gardiner and Renner #1),RATING : One Star,13.92
258,Tastes Like Fear (DI Marnie Rome #3),RATING : One Star,10.69
259,Take Me with You,RATING : Three Star,45.21
260,Swell: A Year of Waves,RATING : One Star,45.58
261,Superman Vol. 1: Before Truth (Superman by Gene Luen Yang #1),RATING : Five Star,11.89
262,Still Life with Bread Crumbs,RATING : Three Star,26.41
263,Steve Jobs,RATING : Five Star,39.5
264,Sorting the Beef from the Bull: The Science of Food Fraud Forensics,RATING : Four Star,44.74
265,Someone Like You (The Harrisons #2),RATING : Five Star,52.79
266,"So Cute It Hurts!!, Vol. 6 (So Cute It Hurts!! #6)",RATING : Four Star,35.43
267,Shtum,RATING : Four Star,55.84
268,See America: A Celebration of Our National Parks & Treasured Sites,RATING : Three Star,48.87
269,salt.,RATING : Four Star,46.78
270,Robin War,RATING : Three Star,47.82
271,"Red Hood/Arsenal, Vol. 1: Open for Business (Red Hood/Arsenal #1)",RATING : Two Star,25.48
272,Rain Fish,RATING : Three Star,23.57
273,"Quarter Life Poetry: Poems for the Young, Broke and Hangry",RATING : Five Star,50.89
274,Pet Sematary,RATING : Three Star,10.56
275,"Overload: How to Unplug, Unwind, and Unleash Yourself from the Pressure of Stress",RATING : Three Star,52.15
276,Once Was a Time,RATING : Two Star,18.28
277,Old School (Diary of a Wimpy Kid #10),RATING : Five Star,11.83
278,No Dream Is Too High: Life Lessons From a Man Who Walked on the Moon,RATING : Two Star,21.95
279,"Naruto (3-in-1 Edition), Vol. 14: Includes Vols. 40, 41 & 42 (Naruto: Omnibus #14)",RATING : Two Star,38.39
280,My Name Is Lucy Barton,RATING : One Star,41.56
281,My Mrs. Brown,RATING : Three Star,24.48
282,My Kind of Crazy,RATING : One Star,40.36
283,Mr. Mercedes (Bill Hodges Trilogy #1),RATING : One Star,28.9
284,More Than Music (Chasing the Dream #1),RATING : Two Star,37.61
285,Made to Stick: Why Some Ideas Survive and Others Die,RATING : Five Star,38.85
286,Luis Paints the World,RATING : Three Star,53.95
287,Luckiest Girl Alive,RATING : Three Star,49.83
288,Lowriders to the Center of the Earth (Lowriders in Space #2),RATING : Two Star,51.51
289,Love Is a Mix Tape (Music #1),RATING : One Star,18.03
290,Looking for Lovely: Collecting the Moments that Matter,RATING : Five Star,29.14
291,"Living Leadership by Insight: A Good Leader Achieves, a Great Leader Builds Monuments",RATING : Four Star,46.91
292,Let It Out: A Journey Through Journaling,RATING : Five Star,26.79
293,Lady Midnight (The Dark Artifices #1),RATING : Five Star,16.28
294,"It's All Easy: Healthy, Delicious Weeknight Meals in under 30 Minutes",RATING : One Star,19.55
295,Island of Dragons (Unwanteds #7),RATING : One Star,29.65
296,I Know What I'm Doing -- and Other Lies I Tell Myself: Dispatches from a Life Under Construction,RATING : Four Star,25.98
297,I Am Pilgrim (Pilgrim #1),RATING : Four Star,10.6
298,"Hyperbole and a Half: Unfortunate Situations, Flawed Coping Mechanisms, Mayhem, and Other Things That Happened",RATING : Five Star,14.75
299,"Hush, Hush (Hush, Hush #1)",RATING : Three Star,47.02
300,Hold Your Breath (Search and Rescue #1),RATING : One Star,28.82
301,Hamilton: The Revolution,RATING : Three Star,58.79
302,Greek Mythic History,RATING : Five Star,10.23
303,God: The Most Unpleasant Character in All Fiction,RATING : Five Star,30.03
304,Glory over Everything: Beyond The Kitchen House,RATING : Three Star,45.84
305,Feathers: Displays of Brilliant Plumage,RATING : Three Star,49.05
306,"Far & Away: Places on the Brink of Change: Seven Continents, Twenty-Five Years",RATING : Four Star,15.06
307,Every Last Word,RATING : Three Star,46.47
308,Eligible (The Austen Project #4),RATING : Three Star,27.09
309,El Deafo,RATING : Five Star,57.62
310,Eight Hundred Grapes,RATING : Four Star,14.39
311,"Eaternity: More than 150 Deliciously Easy Vegan Recipes for a Long, Healthy, Satisfied, Joyful Life",RATING : Five Star,51.75
312,"Eat Fat, Get Thin",RATING : Two Star,54.07
313,Don't Get Caught,RATING : One Star,55.35
314,Doctor Sleep (The Shining #2),RATING : Two Star,40.12
315,Demigods & Magicians: Percy and Annabeth Meet the Kanes (Percy Jackson & Kane Chronicles Crossover #1-3),RATING : Five Star,37.51
316,Dear Mr. Knightley,RATING : Five Star,11.21
317,Daily Fantasy Sports,RATING : One Star,36.58
318,Crazy Love: Overwhelmed by a Relentless God,RATING : Two Star,47.72
319,Cometh the Hour (The Clifton Chronicles #6),RATING : Three Star,25.01
320,Code Name Verity (Code Name Verity #1),RATING : Four Star,22.13
321,Clockwork Angel (The Infernal Devices #1),RATING : One Star,44.14
322,City of Glass (The Mortal Instruments #3),RATING : Four Star,56.02
323,City of Fallen Angels (The Mortal Instruments #4),RATING : Four Star,11.23
324,City of Bones (The Mortal Instruments #1),RATING : One Star,43.28
325,City of Ashes (The Mortal Instruments #2),RATING : One Star,47.27
326,Cell,RATING : Four Star,20.29
327,Catching Jordan (Hundred Oaks),RATING : Three Star,50.83
328,"Carry On, Warrior: Thoughts on Life Unarmed",RATING : Three Star,31.85
329,Carrie,RATING : Two Star,46.23
330,Buying In: The Secret Dialogue Between What We Buy and Who We Are,RATING : Four Star,37.8
331,Brain on Fire: My Month of Madness,RATING : Five Star,49.32
332,Batman: Europa,RATING : Two Star,32.01
333,Barefoot Contessa Back to Basics,RATING : One Star,28.01
334,Barefoot Contessa at Home: Everyday Recipes You'll Make Over and Over Again,RATING : Five Star,50.62
335,Balloon Animals,RATING : Three Star,17.03
336,Art Ops Vol. 1,RATING : Three Star,48.8
337,Aristotle and Dante Discover the Secrets of the Universe (Aristotle and Dante Discover the Secrets of the Universe #1),RATING : Four Star,58.14
338,Angels Walking (Angels Walking #1),RATING : Two Star,34.2
339,Angels & Demons (Robert Langdon #1),RATING : Three Star,51.48
340,All the Light We Cannot See,RATING : Five Star,29.87
341,"Adulthood Is a Myth: A ""Sarah's Scribbles"" Collection",RATING : Two Star,10.9
342,Abstract City,RATING : Five Star,56.37
343,A Time of Torment (Charlie Parker #14),RATING : Five Star,48.35
344,A Study in Scarlet (Sherlock Holmes #1),RATING : Two Star,16.73
345,"A Series of Catastrophes and Miracles: A True Story of Love, Science, and Cancer",RATING : Two Star,56.48
346,A People's History of the United States,RATING : Two Star,40.79
347,A Man Called Ove,RATING : One Star,39.72
348,A Distant Mirror: The Calamitous 14th Century,RATING : Three Star,14.58
349,A Brush of Wings (Angels Walking #3),RATING : One Star,55.51
350,1491: New Revelations of the Americas Before Columbus,RATING : Three Star,21.8
351,"The Three Searches, Meaning, and the Story",RATING : Three Star,13.33
352,Searching for Meaning in Gailana,RATING : One Star,38.73
353,Rook,RATING : Four Star,37.86
354,My Kitchen Year: 136 Recipes That Saved My Life,RATING : Two Star,11.53
355,13 Hours: The Inside Account of What Really Happened In Benghazi,RATING : One Star,27.06
356,Will You Won't You Want Me?,RATING : Three Star,13.86
357,Tipping Point for Planet Earth: How Close Are We to the Edge?,RATING : One Star,37.55
358,The Star-Touched Queen,RATING : Five Star,32.3
359,The Silent Sister (Riley MacPherson #1),RATING : Five Star,46.29
360,The Midnight Watch: A Novel of the Titanic and the Californian,RATING : One Star,26.2
361,The Lonely City: Adventures in the Art of Being Alone,RATING : Two Star,33.26
362,The Gray Rhino: How to Recognize and Act on the Obvious Dangers We Ignore,RATING : Four Star,59.15
363,The Golden Condom: And Other Essays on Love Lost and Found,RATING : One Star,39.43
364,The Epidemic (The Program 0.6),RATING : Five Star,14.44
365,The Dinner Party,RATING : Two Star,56.54
366,The Diary of a Young Girl,RATING : Three Star,59.9
367,The Children,RATING : Three Star,11.88
368,Stars Above (The Lunar Chronicles #4.5),RATING : Two Star,48.05
369,Snatched: How A Drug Queen Went Undercover for the DEA and Was Kidnapped By Colombian Guerillas,RATING : Three Star,21.21
370,Raspberry Pi Electronics Projects for the Evil Genius,RATING : Four Star,49.67
371,Quench Your Own Thirst: Business Lessons Learned Over a Beer or Two,RATING : One Star,43.14
372,Psycho: Sanitarium (Psycho #1.5),RATING : Five Star,36.97
373,Poisonous (Max Revere Novels #3),RATING : Three Star,26.8
374,One with You (Crossfire #5),RATING : Four Star,15.71
375,No Love Allowed (Dodge Cove #1),RATING : Four Star,54.65
376,Murder at the 42nd Street Library (Raymond Ambler #1),RATING : Four Star,54.36
377,Most Wanted,RATING : Three Star,35.28
378,"Love, Lies and Spies",RATING : Two Star,20.55
379,How to Speak Golf: An Illustrated Guide to Links Lingo,RATING : Five Star,58.32
380,Hide Away (Eve Duncan #20),RATING : One Star,11.84
381,Furiously Happy: A Funny Book About Horrible Things,RATING : Four Star,41.46
382,Everyday Italian: 125 Simple and Delicious Recipes,RATING : Five Star,20.1
383,Equal Is Unfair: America's Misguided Fight Against Income Inequality,RATING : One Star,56.86
384,Eleanor & Park,RATING : Five Star,56.51
385,Dirty (Dive Bar #1),RATING : Four Star,40.83
386,Can You Keep a Secret? (Fear Street Relaunch #4),RATING : One Star,48.64
387,Boar Island (Anna Pigeon #19),RATING : Three Star,59.48
388,A Paris Apartment,RATING : Four Star,39.01
389,"A la Mode: 120 Recipes in 60 Pairings: Pies, Tarts, Cakes, Crisps, and More Topped with Ice Cream, Gelato, Frozen Custard, and More",RATING : One Star,38.77
390,Troublemaker: Surviving Hollywood and Scientology,RATING : Two Star,48.39
391,The Widow,RATING : Two Star,27.26
392,"The Sleep Revolution: Transforming Your Life, One Night at a Time",RATING : Four Star,11.68
393,The Improbability of Love,RATING : One Star,59.45
394,The Art of Startup Fundraising,RATING : Three Star,21.0
395,Take Me Home Tonight (Rock Star Romance #3),RATING : Three Star,53.98
396,Sleeping Giants (Themis Files #1),RATING : One Star,48.74
397,"Setting the World on Fire: The Brief, Astonishing Life of St. Catherine of Siena",RATING : Two Star,21.15
398,Playing with Fire,RATING : Three Star,13.71
399,Off the Hook (Fishing for Trouble #1),RATING : Three Star,47.67
400,Mothering Sunday,RATING : Two Star,13.34
401,"Mother, Can You Not?",RATING : Five Star,16.89
402,M Train,RATING : One Star,27.18
403,Lilac Girls,RATING : Two Star,17.28
404,Lies and Other Acts of Love,RATING : One Star,45.14
405,Lab Girl,RATING : One Star,40.85
406,Keep Me Posted,RATING : Four Star,20.46
407,It Didn't Start with You: How Inherited Family Trauma Shapes Who We Are and How to End the Cycle,RATING : Three Star,56.27
408,Grey (Fifty Shades #4),RATING : Four Star,48.49
409,"Exit, Pursued by a Bear",RATING : Four Star,51.34
410,Daredevils,RATING : Three Star,16.34
411,Cravings: Recipes for What You Want to Eat,RATING : Three Star,20.5
412,Born for This: How to Find the Work You Were Meant to Do,RATING : Five Star,21.59
413,Arena,RATING : Four Star,21.36
414,Adultery,RATING : Five Star,20.88
415,A Mother's Reckoning: Living in the Aftermath of Tragedy,RATING : Three Star,19.53
416,A Gentleman's Position (Society of Gentlemen #3),RATING : Five Star,14.75
417,11/22/63,RATING : Three Star,48.48
418,"10% Happier: How I Tamed the Voice in My Head, Reduced Stress Without Losing My Edge, and Found Self-Help That Actually Works",RATING : Two Star,24.57
419,10-Day Green Smoothie Cleanse: Lose Up to 15 Pounds in 10 Days!,RATING : Five Star,49.71
420,Without Shame,RATING : Five Star,48.27
421,Watchmen,RATING : Four Star,58.05
422,Unlimited Intuition Now,RATING : Four Star,58.87
423,Underlying Notes,RATING : Two Star,11.82
424,The Shack,RATING : One Star,28.03
425,The New Brand You: Your New Image Makes the Sale for You,RATING : Five Star,44.05
426,"The Moosewood Cookbook: Recipes from Moosewood Restaurant, Ithaca, New York",RATING : Four Star,12.34
427,The Flowers Lied,RATING : Two Star,16.68
428,"The Fabric of the Cosmos: Space, Time, and the Texture of Reality",RATING : One Star,55.91
429,The Book of Mormon,RATING : Three Star,24.57
430,The Art and Science of Low Carbohydrate Living,RATING : Five Star,52.98
431,The Alien Club,RATING : One Star,54.4
432,Suzie Snowflake: One beautiful flake (a self-esteem story),RATING : Five Star,54.81
433,Nap-a-Roo,RATING : One Star,25.08
434,"NaNo What Now? Finding your editing process, revising your NaNoWriMo book and building a writing career through publishing and beyond",RATING : Four Star,10.41
435,Modern Day Fables,RATING : Two Star,47.44
436,If I Gave You God's Phone Number....: Searching for Spirituality in America,RATING : One Star,20.91
437,"Fruits Basket, Vol. 9 (Fruits Basket #9)",RATING : Four Star,33.95
438,Dress Your Family in Corduroy and Denim,RATING : Three Star,43.68
439,Don't Forget Steven,RATING : One Star,33.23
440,Chernobyl 01:23:40: The Incredible True Story of the World's Worst Nuclear Disaster,RATING : Two Star,35.92
441,Art and Fear: Observations on the Perils (and Rewards) of Artmaking,RATING : Four Star,48.63
442,A Shard of Ice (The Black Symphony Saga #1),RATING : Three Star,56.63
443,A Hero's Curse (The Unseen Chronicles #1),RATING : Three Star,50.49
444,23 Degrees South: A Tropical Tale of Changing Whether...,RATING : Two Star,35.79
445,"Zero to One: Notes on Startups, or How to Build the Future",RATING : Three Star,34.06
446,Why Not Me?,RATING : One Star,17.76
447,When Breath Becomes Air,RATING : Two Star,39.36
448,Vagabonding: An Uncommon Guide to the Art of Long-Term World Travel,RATING : Two Star,36.94
449,The Unlikely Pilgrimage of Harold Fry (Harold Fry #1),RATING : Five Star,43.62
450,The New Drawing on the Right Side of the Brain,RATING : Three Star,43.02
451,"The Midnight Assassin: Panic, Scandal, and the Hunt for America's First Serial Killer",RATING : Four Star,28.45
452,The Martian (The Martian #1),RATING : Two Star,41.39
453,The High Mountains of Portugal,RATING : One Star,51.15
454,The Grownup,RATING : One Star,35.88
455,The E-Myth Revisited: Why Most Small Businesses Don't Work and What to Do About It,RATING : One Star,36.91
456,South of Sunshine,RATING : One Star,28.93
457,Smarter Faster Better: The Secrets of Being Productive in Life and Business,RATING : Five Star,38.89
458,Silence in the Dark (Logan Point #4),RATING : Three Star,58.33
459,Shadows of the Past (Logan Point #1),RATING : Five Star,39.67
460,Roller Girl,RATING : Five Star,14.1
461,Rising Strong,RATING : Three Star,21.82
462,Proofs of God: Classical Arguments from Tertullian to Barth,RATING : One Star,54.21
463,Please Kill Me: The Uncensored Oral History of Punk,RATING : Four Star,31.19
464,Out of Print: City Lights Spotlight No. 14,RATING : Five Star,53.64
465,My Life Next Door (My Life Next Door ),RATING : Five Star,36.39
466,Miller's Valley,RATING : Two Star,58.54
467,Man's Search for Meaning,RATING : Three Star,29.48
468,"Love That Boy: What Two Presidents, Eight Road Trips, and My Son Taught Me About a Parent's Expectations",RATING : Two Star,25.06
469,Living Forward: A Proven Plan to Stop Drifting and Get the Life You Want,RATING : Three Star,12.55
470,Les Fleurs du Mal,RATING : Five Star,29.04
471,Left Behind (Left Behind #1),RATING : Two Star,40.72
472,Kill 'Em and Leave: Searching for James Brown and the American Soul,RATING : Five Star,45.05
473,Kierkegaard: A Christian Missionary to Christians,RATING : One Star,47.13
474,John Vassos: Industrial Design for Modern Life,RATING : Four Star,20.22
475,I'll Give You the Sun,RATING : One Star,56.48
476,I Will Find You,RATING : One Star,44.21
477,Hystopia: A Novel,RATING : Four Star,21.96
478,Howl and Other Poems,RATING : Two Star,40.45
479,History of Beauty,RATING : Four Star,10.29
480,Heaven is for Real: A Little Boy's Astounding Story of His Trip to Heaven and Back,RATING : Two Star,52.86
481,Future Shock (Future Shock #1),RATING : Five Star,55.65
482,Ender's Game (The Ender Quintet #1),RATING : One Star,43.64
483,Diary of a Citizen Scientist: Chasing Tiger Beetles and Other New Ways of Engaging the World,RATING : One Star,28.41
484,Death by Leisure: A Cautionary Tale,RATING : Four Star,37.51
485,Brilliant Beacons: A History of the American Lighthouse,RATING : Three Star,11.45
486,Brazen: The Courage to Find the You That's Been Hiding,RATING : Two Star,19.22
487,Between the World and Me,RATING : Four Star,56.91
488,Being Mortal: Medicine and What Matters in the End,RATING : Four Star,55.06
489,"A Murder Over a Girl: Justice, Gender, Junior High",RATING : Three Star,13.2
490,32 Yolks,RATING : Two Star,53.63
491,"""Most Blessed of the Patriarchs"": Thomas Jefferson and the Empire of the Imagination",RATING : Five Star,44.48
492,You Are a Badass: How to Stop Doubting Your Greatness and Start Living an Awesome Life,RATING : Three Star,12.08
493,Wildlife of New York: A Five-Borough Coloring Book,RATING : Two Star,22.14
494,What Happened on Beale Street (Secrets of the South Mysteries #2),RATING : Five Star,25.37
495,Unreasonable Hope: Finding Faith in the God Who Brings Purpose to Your Pain,RATING : Two Star,46.33
496,Under the Tuscan Sun,RATING : Three Star,37.33
497,Toddlers Are A**holes: It's Not Your Fault,RATING : One Star,25.55
498,The Year of Living Biblically: One Man's Humble Quest to Follow the Bible as Literally as Possible,RATING : One Star,34.72
499,The Whale,RATING : Four Star,35.96
500,The Story of Art,RATING : Four Star,41.14
501,The Origin of Species,RATING : Four Star,10.01
502,The Great Gatsby,RATING : Four Star,36.05
503,The Good Girl,RATING : Three Star,49.03
504,The Glass Castle,RATING : One Star,16.24
505,The Faith of Christopher Hitchens: The Restless Soul of the World's Most Notorious Atheist,RATING : One Star,39.55
506,The Drowning Girls,RATING : Three Star,35.67
507,The Constant Princess (The Tudor Court #1),RATING : Three Star,16.62
508,The Bourne Identity (Jason Bourne #1),RATING : Four Star,42.78
509,The Bachelor Girl's Guide to Murder (Herringford and Watts Mysteries #1),RATING : Five Star,52.3
510,The Art Book,RATING : Two Star,32.34
511,The 7 Habits of Highly Effective People: Powerful Lessons in Personal Change,RATING : Four Star,33.17
512,Team of Rivals: The Political Genius of Abraham Lincoln,RATING : Five Star,20.12
513,Steal Like an Artist: 10 Things Nobody Told You About Being Creative,RATING : Two Star,20.9
514,"Sit, Stay, Love",RATING : Three Star,20.9
515,Sister Dear,RATING : Four Star,40.2
516,"Shrunken Treasures: Literary Classics, Short, Sweet, and Silly",RATING : Three Star,52.87
517,"Rich Dad, Poor Dad",RATING : One Star,51.74
518,Raymie Nightingale,RATING : Two Star,34.41
519,Playing from the Heart,RATING : One Star,32.38
520,Nightstruck: A Novel,RATING : Four Star,50.35
521,"Naturally Lean: 125 Nourishing Gluten-Free, Plant-Based Recipes--All Under 300 Calories",RATING : Five Star,11.38
522,Meternity,RATING : Three Star,43.58
523,Memoirs of a Geisha,RATING : Three Star,49.67
524,Like Never Before (Walker Family #2),RATING : Two Star,28.77
525,Life of Pi,RATING : Four Star,13.22
526,Leave This Song Behind: Teen Poetry at Its Best,RATING : Five Star,51.17
527,King's Folly (The Kinsman Chronicles #1),RATING : Five Star,39.61
528,John Adams,RATING : Four Star,57.43
529,How to Cook Everything Vegetarian: Simple Meatless Recipes for Great Food (How to Cook Everything),RATING : Four Star,46.01
530,How to Be a Domestic Goddess: Baking and the Art of Comfort Cooking,RATING : Two Star,28.25
531,Good in Bed (Cannie Shapiro #1),RATING : Five Star,37.05
532,"Fruits Basket, Vol. 7 (Fruits Basket #7)",RATING : One Star,19.57
533,For the Love: Fighting for Grace in a World of Impossible Standards,RATING : Three Star,45.13
534,Finding God in the Ruins: How God Redeems Pain,RATING : Two Star,46.64
535,Every Heart a Doorway (Every Heart A Doorway #1),RATING : Five Star,12.16
536,Delivering the Truth (Quaker Midwife Mystery #1),RATING : Four Star,20.89
537,Counted With the Stars (Out from Egypt #1),RATING : Five Star,17.97
538,"Chronicles, Vol. 1",RATING : Two Star,52.6
539,Blue Like Jazz: Nonreligious Thoughts on Christian Spirituality,RATING : One Star,25.77
540,Benjamin Franklin: An American Life,RATING : Three Star,48.19
541,"At The Existentialist CafÃ©: Freedom, Being, and apricot cocktails with: Jean-Paul Sartre, Simone de Beauvoir, Albert Camus, Martin Heidegger, Edmund Husserl, Karl Jaspers, Maurice Merleau-Ponty and others",RATING : Five Star,29.93
542,A Summer In Europe,RATING : Two Star,44.34
543,A Short History of Nearly Everything,RATING : Five Star,52.4
544,A Gathering of Shadows (Shades of Magic #2),RATING : Four Star,44.81
545,The Sound Of Love,RATING : Five Star,57.84
546,The Rise and Fall of the Third Reich: A History of Nazi Germany,RATING : Two Star,39.67
547,The Perks of Being a Wallflower,RATING : Three Star,55.02
548,The Mysterious Affair at Styles (Hercule Poirot #1),RATING : Four Star,24.8
549,The Man Who Mistook His Wife for a Hat and Other Clinical Tales,RATING : Four Star,59.45
550,The Makings of a Fatherless Child,RATING : Two Star,31.58
551,The Joy of Cooking,RATING : Four Star,43.27
552,The Invention of Wings,RATING : One Star,37.34
553,The Hobbit (Middle-Earth Universe),RATING : Five Star,17.8
554,The Great Railway Bazaar,RATING : One Star,30.54
555,The Golden Compass (His Dark Materials #1),RATING : One Star,18.77
556,The God Delusion,RATING : Three Star,46.85
557,The Girl You Left Behind (The Girl You Left Behind #1),RATING : One Star,15.79
558,The Fellowship of the Ring (The Lord of the Rings #1),RATING : Two Star,10.27
559,The Collected Poems of W.B. Yeats (The Collected Works of W.B. Yeats #1),RATING : Five Star,15.42
560,The Barefoot Contessa Cookbook,RATING : Five Star,59.92
561,Tell the Wolves I'm Home,RATING : Two Star,50.96
562,Ship Leaves Harbor: Essays on Travel by a Recovering Journeyman,RATING : Three Star,30.6
563,Pride and Prejudice,RATING : Four Star,19.27
564,Musicophilia: Tales of Music and the Brain,RATING : One Star,46.58
565,Mere Christianity,RATING : Three Star,48.51
566,Me Before You (Me Before You #1),RATING : One Star,19.02
567,In the Woods (Dublin Murder Squad #1),RATING : Two Star,38.38
568,In Cold Blood,RATING : Four Star,49.98
569,How to Stop Worrying and Start Living,RATING : Five Star,46.49
570,Give It Back,RATING : Two Star,18.32
571,"Girl, Interrupted",RATING : Three Star,42.14
572,Fun Home: A Family Tragicomic,RATING : Four Star,56.59
573,"Fruits Basket, Vol. 6 (Fruits Basket #6)",RATING : Four Star,20.96
574,Deception Point,RATING : Four Star,40.32
575,"Death Note, Vol. 6: Give-and-Take (Death Note #6)",RATING : Three Star,36.39
576,Catherine the Great: Portrait of a Woman,RATING : Four Star,58.55
577,Better Homes and Gardens New Cook Book,RATING : Three Star,39.61
578,An Unquiet Mind: A Memoir of Moods and Madness,RATING : Three Star,21.3
579,A Year in Provence (Provence #1),RATING : Four Star,56.88
580,World Without End (The Pillars of the Earth #2),RATING : Four Star,32.97
581,"Will Grayson, Will Grayson (Will Grayson, Will Grayson)",RATING : Four Star,47.31
582,Why Save the Bankers?: And Other Essays on Our Economic and Political Crisis,RATING : Two Star,48.67
583,Where She Went (If I Stay #2),RATING : Four Star,41.73
584,What If?: Serious Scientific Answers to Absurd Hypothetical Questions,RATING : Four Star,53.68
585,Two Summers,RATING : One Star,14.64
586,This Is Your Brain on Music: The Science of a Human Obsession,RATING : One Star,38.4
587,The Secret Garden,RATING : Four Star,15.08
588,The Raven King (The Raven Cycle #4),RATING : Two Star,30.57
589,The Raven Boys (The Raven Cycle #1),RATING : Four Star,57.74
590,The Power Greens Cookbook: 140 Delicious Superfood Recipes,RATING : Five Star,11.05
591,The Metamorphosis,RATING : One Star,28.58
592,The Mathews Men: Seven Brothers and the War Against Hitler's U-boats,RATING : Five Star,42.91
593,The Little Paris Bookshop,RATING : Three Star,24.73
594,The Hiding Place,RATING : Four Star,55.91
595,The Grand Design,RATING : Three Star,13.76
596,The Firm,RATING : Three Star,45.56
597,The Fault in Our Stars,RATING : One Star,47.22
598,The False Prince (The Ascendance Trilogy #1),RATING : Five Star,56.0
599,The Expatriates,RATING : Two Star,44.58
600,The Dream Thieves (The Raven Cycle #2),RATING : One Star,34.5
601,The Darkest Corners,RATING : Five Star,11.33
602,The Crossover,RATING : Four Star,38.77
603,The 5th Wave (The 5th Wave #1),RATING : Two Star,11.83
604,Tell the Wind and Fire,RATING : Three Star,45.51
605,Tell Me Three Things,RATING : One Star,41.81
606,Talking to Girls About Duran Duran: One Young Man's Quest for True Love and a Cooler Haircut,RATING : Four Star,25.15
607,Siddhartha,RATING : Five Star,34.22
608,Shiver (The Wolves of Mercy Falls #1),RATING : Five Star,16.23
609,Remember Me?,RATING : Three Star,11.48
610,Red Dragon (Hannibal Lecter #1),RATING : Three Star,23.37
611,Peak: Secrets from the New Science of Expertise,RATING : Two Star,16.28
612,My Mother Was Nuts,RATING : Four Star,31.63
613,Mexican Today: New and Rediscovered Recipes for Contemporary Kitchens,RATING : Five Star,24.91
614,Maybe Something Beautiful: How Art Transformed a Neighborhood,RATING : One Star,22.54
615,Lola and the Boy Next Door (Anna and the French Kiss #2),RATING : Four Star,23.63
616,Logan Kade (Fallen Crest High #5.5),RATING : Two Star,13.12
617,Last One Home (New Beginnings #1),RATING : Three Star,59.98
618,Killing Floor (Jack Reacher #1),RATING : Four Star,31.49
619,Kill the Boy Band,RATING : Five Star,15.52
620,Isla and the Happily Ever After (Anna and the French Kiss #3),RATING : Five Star,48.13
621,If I Stay (If I Stay #1),RATING : Five Star,38.13
622,I Know Why the Caged Bird Sings (Maya Angelou's Autobiography #1),RATING : Two Star,36.55
623,Harry Potter and the Deathly Hallows (Harry Potter #7),RATING : One Star,23.32
624,"Fruits Basket, Vol. 5 (Fruits Basket #5)",RATING : One Star,16.33
625,Foundation (Foundation (Publication Order) #1),RATING : One Star,32.42
626,Fool Me Once,RATING : One Star,16.96
627,Find Her (Detective D.D. Warren #8),RATING : One Star,22.37
628,Evicted: Poverty and Profit in the American City,RATING : One Star,42.27
629,Drama,RATING : Two Star,38.7
630,Dracula the Un-Dead,RATING : Five Star,35.63
631,Digital Fortress,RATING : Five Star,58.0
632,"Death Note, Vol. 5: Whiteout (Death Note #5)",RATING : One Star,52.41
633,"Data, A Love Story: How I Gamed Online Dating to Meet My Match",RATING : Three Star,32.35
634,Critique of Pure Reason,RATING : One Star,20.75
635,Booked,RATING : Five Star,17.49
636,"Blue Lily, Lily Blue (The Raven Cycle #3)",RATING : Five Star,34.13
637,Approval Junkie: Adventures in Caring Too Much,RATING : Five Star,58.81
638,An Abundance of Katherines,RATING : Five Star,10.0
639,America's War for the Greater Middle East: A Military History,RATING : Two Star,51.22
640,Alight (The Generations Trilogy #2),RATING : Four Star,58.59
641,A Girl's Guide to Moving On (New Beginnings #2),RATING : One Star,31.3
642,A Game of Thrones (A Song of Ice and Fire #1),RATING : Two Star,46.42
643,A Feast for Crows (A Song of Ice and Fire #4),RATING : Four Star,17.21
644,A Clash of Kings (A Song of Ice and Fire #2),RATING : Three Star,10.79
645,Vogue Colors A to Z: A Fashion Coloring Book,RATING : Four Star,52.35
646,The Shining (The Shining #1),RATING : Three Star,27.88
647,The Pilgrim's Progress,RATING : Two Star,50.26
648,The Perfect Play (Play by Play #1),RATING : Three Star,59.99
649,The Passion of Dolssa,RATING : Five Star,28.32
650,The Jazz of Physics: The Secret Link Between Music and the Structure of the Universe,RATING : Three Star,38.71
651,The Hunger Games (The Hunger Games #1),RATING : Five Star,29.85
652,The Hound of the Baskervilles (Sherlock Holmes #5),RATING : Two Star,14.82
653,The Gunning of America: Business and the Making of American Gun Culture,RATING : Four Star,16.81
654,The Geography of Bliss: One Grump's Search for the Happiest Places in the World,RATING : Two Star,28.23
655,The Demonists (Demonist #1),RATING : Two Star,52.11
656,"The Demon Prince of Momochi House, Vol. 4 (The Demon Prince of Momochi House #4)",RATING : Two Star,27.88
657,The Bone Hunters (Lexy Vaughan & Steven Macaulay #2),RATING : Three Star,59.71
658,The Beast (Black Dagger Brotherhood #14),RATING : Five Star,46.08
659,Some Women,RATING : Five Star,13.73
660,Shopaholic Ties the Knot (Shopaholic #3),RATING : Five Star,48.39
661,Paper and Fire (The Great Library #2),RATING : Five Star,49.45
662,Outlander (Outlander #1),RATING : Five Star,19.67
663,"Orchestra of Exiles: The Story of Bronislaw Huberman, the Israel Philharmonic, and the One Thousand Jews He Saved from Nazi Horrors",RATING : Three Star,12.36
664,No One Here Gets Out Alive,RATING : Five Star,20.02
665,Night Shift (Night Shift #1-20),RATING : Four Star,12.75
666,Needful Things,RATING : Four Star,47.51
667,Mockingjay (The Hunger Games #3),RATING : Four Star,20.44
668,Misery,RATING : Two Star,34.79
669,Little Women (Little Women #1),RATING : Four Star,28.07
670,It,RATING : Three Star,25.01
671,Harry Potter and the Sorcerer's Stone (Harry Potter #1),RATING : Three Star,13.9
672,Harry Potter and the Prisoner of Azkaban (Harry Potter #3),RATING : Four Star,24.17
673,Harry Potter and the Order of the Phoenix (Harry Potter #5),RATING : Four Star,31.63
674,Harry Potter and the Half-Blood Prince (Harry Potter #6),RATING : Five Star,48.75
675,Harry Potter and the Chamber of Secrets (Harry Potter #2),RATING : One Star,14.74
676,Gone with the Wind,RATING : Three Star,32.49
677,God Is Not Great: How Religion Poisons Everything,RATING : One Star,27.8
678,Girl With a Pearl Earring,RATING : One Star,26.77
679,"Fruits Basket, Vol. 4 (Fruits Basket #4)",RATING : Four Star,50.44
680,Far From True (Promise Falls Trilogy #2),RATING : Two Star,34.93
681,Dark Lover (Black Dagger Brotherhood #1),RATING : One Star,12.87
682,Confessions of a Shopaholic (Shopaholic #1),RATING : Two Star,48.94
683,Changing the Game (Play by Play #2),RATING : Three Star,13.38
684,Candide,RATING : Three Star,58.63
685,Can You Keep a Secret?,RATING : One Star,21.94
686,Atlas Shrugged,RATING : Five Star,26.58
687,Animal Farm,RATING : Three Star,57.22
688,A Walk to Remember,RATING : One Star,56.43
689,A New Earth: Awakening to Your Life's Purpose,RATING : Five Star,55.65
690,"A History of God: The 4,000-Year Quest of Judaism, Christianity, and Islam",RATING : One Star,27.62
691,'Salem's Lot,RATING : Four Star,49.56
692,Zero History (Blue Ant #3),RATING : One Star,34.77
693,Wuthering Heights,RATING : Three Star,17.73
694,World War Z: An Oral History of the Zombie War,RATING : One Star,21.8
695,Wild: From Lost to Found on the Pacific Crest Trail,RATING : Three Star,46.02
696,"Where'd You Go, Bernadette",RATING : One Star,18.13
697,When You Are Engulfed in Flames,RATING : Five Star,30.89
698,We the People: The Modern-Day Figures Who Have Reshaped and Affirmed the Founding Fathers' Vision of America,RATING : Three Star,31.95
699,We Are All Completely Beside Ourselves,RATING : One Star,24.04
700,Walk the Edge (Thunder Road #2),RATING : Three Star,32.36
701,Voyager (Outlander #3),RATING : Five Star,21.07
702,Very Good Lives: The Fringe Benefits of Failure and the Importance of Imagination,RATING : Three Star,50.66
703,Vegan Vegetarian Omnivore: Dinner for Everyone at the Table,RATING : Two Star,13.66
704,"Unstuffed: Decluttering Your Home, Mind, and Soul",RATING : One Star,58.09
705,Under the Banner of Heaven: A Story of Violent Faith,RATING : One Star,30.0
706,Two Boys Kissing,RATING : Two Star,32.74
707,Twilight (Twilight #1),RATING : Two Star,41.93
708,Twenties Girl,RATING : Two Star,42.8
709,"Trespassing Across America: One Man's Epic, Never-Done-Before (and Sort of Illegal) Hike Across the Heartland",RATING : One Star,53.51
710,Three-Martini Lunch,RATING : Three Star,23.21
711,"Thinking, Fast and Slow",RATING : One Star,21.14
712,The Wild Robot,RATING : Three Star,56.07
713,"The Wicked + The Divine, Vol. 3: Commercial Suicide (The Wicked + The Divine)",RATING : Three Star,14.41
714,The Undomestic Goddess,RATING : Four Star,45.75
715,The Travelers,RATING : One Star,15.77
716,The Tipping Point: How Little Things Can Make a Big Difference,RATING : Two Star,10.02
717,The Thing About Jellyfish,RATING : One Star,48.77
718,The Stand,RATING : Two Star,57.86
719,The Smitten Kitchen Cookbook,RATING : One Star,23.59
720,The Silkworm (Cormoran Strike #2),RATING : Five Star,23.05
721,"The Sandman, Vol. 3: Dream Country (The Sandman (volumes) #3)",RATING : Five Star,55.55
722,The Rose & the Dagger (The Wrath and the Dawn #2),RATING : Four Star,58.64
723,The Road to Little Dribbling: Adventures of an American in Britain (Notes From a Small Island #2),RATING : One Star,23.21
724,The Rise of Theodore Roosevelt (Theodore Roosevelt #1),RATING : Three Star,42.57
725,The Restaurant at the End of the Universe (Hitchhiker's Guide to the Galaxy #2),RATING : One Star,10.92
726,The Rest Is Noise: Listening to the Twentieth Century,RATING : One Star,34.77
727,The Red Tent,RATING : Five Star,35.66
728,The Purpose Driven Life: What on Earth Am I Here for?,RATING : Three Star,37.19
729,The Purest Hook (Second Circle Tattoos #3),RATING : One Star,12.25
730,The Picture of Dorian Gray,RATING : Two Star,29.7
731,The Paris Wife,RATING : Three Star,36.8
732,The Obsession,RATING : One Star,45.43
733,The Nightingale,RATING : Four Star,26.26
734,The New Guy (and Other Senior Year Distractions),RATING : Three Star,44.92
735,The Nanny Diaries (Nanny #1),RATING : Five Star,52.53
736,The Name of God is Mercy,RATING : Two Star,37.25
737,The Maze Runner (The Maze Runner #1),RATING : One Star,20.93
738,The Lover's Dictionary,RATING : Two Star,58.09
739,The Lonely Ones,RATING : Five Star,43.59
740,The Lean Startup: How Today's Entrepreneurs Use Continuous Innovation to Create Radically Successful Businesses,RATING : Three Star,33.92
741,The Last Painting of Sara de Vos,RATING : Two Star,55.55
742,"The Land of 10,000 Madonnas",RATING : Four Star,29.64
743,The Infinities,RATING : One Star,27.41
744,The Husband's Secret,RATING : Five Star,52.51
745,The Hitchhiker's Guide to the Galaxy (Hitchhiker's Guide to the Galaxy #1),RATING : Three Star,47.8
746,The Guns of August,RATING : Two Star,14.54
747,The Guernsey Literary and Potato Peel Pie Society,RATING : One Star,49.53
748,The Goldfinch,RATING : Three Star,43.58
749,The Giver (The Giver Quartet #1),RATING : One Star,12.3
750,The Girl with All the Gifts,RATING : Three Star,49.47
751,The Girl Who Played with Fire (Millennium Trilogy #2),RATING : Two Star,22.14
752,The Girl Who Kicked the Hornet's Nest (Millennium Trilogy #3),RATING : One Star,57.48
753,The Exiled,RATING : Three Star,43.45
754,"The End of Faith: Religion, Terror, and the Future of Reason",RATING : Four Star,22.13
755,"The Elegant Universe: Superstrings, Hidden Dimensions, and the Quest for the Ultimate Theory",RATING : Four Star,13.03
756,"The Disappearing Spoon: And Other True Tales of Madness, Love, and the History of the World from the Periodic Table of the Elements",RATING : Five Star,57.35
757,The Devil Wears Prada (The Devil Wears Prada #1),RATING : One Star,44.29
758,The Demon-Haunted World: Science as a Candle in the Dark,RATING : Four Star,52.25
759,The Day the Crayons Came Home (Crayons),RATING : Five Star,26.33
760,The Da Vinci Code (Robert Langdon #2),RATING : Two Star,22.96
761,The Cuckoo's Calling (Cormoran Strike #1),RATING : One Star,19.21
762,The Complete Stories and Poems (The Works of Edgar Allan Poe [Cameo Edition]),RATING : Four Star,26.78
763,The Complete Poems,RATING : Five Star,41.32
764,The Catcher in the Rye,RATING : One Star,24.55
765,The Cat in the Hat (Beginner Books B-1),RATING : Two Star,16.26
766,The Case for Christ (Cases for Christianity),RATING : One Star,47.84
767,The Book Thief,RATING : Two Star,53.49
768,The Book of Basketball: The NBA According to The Sports Guy,RATING : Five Star,44.84
769,The Blind Side: Evolution of a Game,RATING : Five Star,53.71
770,The Autobiography of Malcolm X,RATING : Two Star,23.43
771,"The Art of Simple Food: Notes, Lessons, and Recipes from a Delicious Revolution",RATING : Three Star,34.32
772,The Art of Fielding,RATING : One Star,22.1
773,"Surely You're Joking, Mr. Feynman!: Adventures of a Curious Character",RATING : Two Star,25.83
774,Stiff: The Curious Lives of Human Cadavers,RATING : Three Star,36.74
775,Spilled Milk: Based on a True Story,RATING : One Star,49.51
776,Something Borrowed (Darcy & Rachel #1),RATING : Five Star,48.96
777,Something Blue (Darcy & Rachel #2),RATING : One Star,54.62
778,Soldier (Talon #3),RATING : Two Star,24.72
779,Shopaholic & Baby (Shopaholic #5),RATING : Two Star,46.45
780,Seven Days in the Art World,RATING : Two Star,52.33
781,Seven Brief Lessons on Physics,RATING : Four Star,30.6
782,Scarlet (The Lunar Chronicles #2),RATING : Four Star,14.57
783,Sarah's Key,RATING : One Star,46.29
784,"Saga, Volume 3 (Saga (Collected Editions) #3)",RATING : Five Star,21.57
785,Running with Scissors,RATING : Four Star,12.91
786,Rogue Lawyer (Rogue Lawyer #1),RATING : Three Star,50.11
787,"Rise of the Rocket Girls: The Women Who Propelled Us, from Missiles to the Moon to Mars",RATING : Four Star,41.67
788,Rework,RATING : Two Star,44.88
789,Reservations for Two,RATING : Three Star,11.1
790,Red: The True Story of Red Riding Hood,RATING : Three Star,28.54
791,Ready Player One,RATING : Four Star,19.07
792,Quiet: The Power of Introverts in a World That Can't Stop Talking,RATING : One Star,43.55
793,Prodigy: The Graphic Novel (Legend: The Graphic Novel #2),RATING : Three Star,43.63
794,Persepolis: The Story of a Childhood (Persepolis #1-2),RATING : One Star,39.13
795,Packing for Mars: The Curious Science of Life in the Void,RATING : Two Star,56.68
796,Outliers: The Story of Success,RATING : One Star,14.16
797,Original Fake,RATING : Three Star,31.45
798,Orange Is the New Black,RATING : Two Star,24.61
799,One for the Money (Stephanie Plum #1),RATING : Two Star,32.87
800,Notes from a Small Island (Notes From a Small Island #1),RATING : One Star,40.17
801,Night (The Night Trilogy #1),RATING : One Star,13.51
802,Neither Here nor There: Travels in Europe,RATING : Three Star,38.95
803,Naked,RATING : Three Star,31.69
804,Morning Star (Red Rising #3),RATING : One Star,29.4
805,"Miracles from Heaven: A Little Girl, Her Journey to Heaven, and Her Amazing Story of Healing",RATING : One Star,57.83
806,Midnight Riot (Peter Grant/ Rivers of London - books #1),RATING : Two Star,55.46
807,Me Talk Pretty One Day,RATING : Two Star,57.6
808,Manuscript Found in Accra,RATING : Two Star,34.98
809,Lust & Wonder,RATING : Two Star,11.87
810,Lila (Gilead #3),RATING : Three Star,12.47
811,"Life, the Universe and Everything (Hitchhiker's Guide to the Galaxy #3)",RATING : Two Star,33.26
812,Life Without a Recipe,RATING : Five Star,59.04
813,Life After Life,RATING : Two Star,26.13
814,Letter to a Christian Nation,RATING : One Star,22.2
815,Let's Pretend This Never Happened: A Mostly True Memoir,RATING : One Star,45.11
816,Legend (Legend #1),RATING : Four Star,43.69
817,"Lean In: Women, Work, and the Will to Lead",RATING : One Star,25.02
818,"Lamb: The Gospel According to Biff, Christ's Childhood Pal",RATING : Five Star,55.5
819,Lady Renegades (Rebel Belle #3),RATING : Five Star,53.04
820,Jurassic Park (Jurassic Park #1),RATING : One Star,44.97
821,It's Never Too Late to Begin Again: Discovering Creativity and Meaning at Midlife and Beyond,RATING : One Star,42.38
822,Is Everyone Hanging Out Without Me? (And Other Concerns),RATING : Three Star,20.11
823,Into the Wild,RATING : Five Star,56.7
824,Inferno (Robert Langdon #4),RATING : Five Star,41.0
825,"In the Garden of Beasts: Love, Terror, and an American Family in Hitler's Berlin",RATING : Three Star,28.85
826,If I Run (If I Run #1),RATING : Four Star,49.97
827,I've Got Your Number,RATING : One Star,19.69
828,I Am Malala: The Girl Who Stood Up for Education and Was Shot by the Taliban,RATING : Two Star,28.88
829,Hungry Girl Clean & Hungry: Easy All-Natural Recipes for Healthy Eating in the Real World,RATING : Three Star,33.14
830,"House of Lost Worlds: Dinosaurs, Dynasties, and the Story of Life on Earth",RATING : Two Star,43.7
831,House of Leaves,RATING : One Star,54.89
832,Horrible Bear!,RATING : Two Star,37.52
833,Holidays on Ice,RATING : Two Star,51.07
834,Heir to the Sky,RATING : Four Star,44.07
835,Green Eggs and Ham (Beginner Books B-16),RATING : Four Star,10.79
836,"Grayson, Vol 3: Nemesis (Grayson #3)",RATING : One Star,42.72
837,Gratitude,RATING : Five Star,26.66
838,Gone Girl,RATING : Five Star,37.6
839,Golden (Heart of Dread #3),RATING : Four Star,42.21
840,Girl in the Blue Coat,RATING : Two Star,46.83
841,"Fruits Basket, Vol. 3 (Fruits Basket #3)",RATING : Two Star,45.17
842,"Friday Night Lights: A Town, a Team, and a Dream",RATING : Three Star,51.22
843,Fire Bound (Sea Haven/Sisters of the Heart #5),RATING : Four Star,21.28
844,Fifty Shades Freed (Fifty Shades #3),RATING : Five Star,15.36
845,Fellside,RATING : One Star,38.62
846,Extreme Prey (Lucas Davenport #26),RATING : Three Star,25.4
847,Eragon (The Inheritance Cycle #1),RATING : Three Star,43.87
848,Eclipse (Twilight #3),RATING : One Star,18.74
849,Dune (Dune #1),RATING : One Star,54.86
850,Dracula,RATING : Three Star,52.62
851,Do Androids Dream of Electric Sheep? (Blade Runner #1),RATING : One Star,51.48
852,Disrupted: My Misadventure in the Start-Up Bubble,RATING : Five Star,15.28
853,Dead Wake: The Last Crossing of the Lusitania,RATING : Five Star,39.24
854,"David and Goliath: Underdogs, Misfits, and the Art of Battling Giants",RATING : One Star,17.81
855,Darkfever (Fever #1),RATING : One Star,56.02
856,Dark Places,RATING : Five Star,23.9
857,Crazy Rich Asians (Crazy Rich Asians #1),RATING : Five Star,49.13
858,Counting Thyme,RATING : One Star,10.62
859,Cosmos,RATING : Two Star,36.17
860,Civilization and Its Discontents,RATING : Two Star,59.95
861,Cinder (The Lunar Chronicles #1),RATING : One Star,26.09
862,Catastrophic Happiness: Finding Joy in Childhood's Messy Years,RATING : Two Star,37.35
863,Career of Evil (Cormoran Strike #3),RATING : Two Star,24.72
864,Breaking Dawn (Twilight #4),RATING : Five Star,35.28
865,Brave Enough,RATING : Five Star,51.32
866,Boy Meets Boy,RATING : Three Star,21.12
867,"Born to Run: A Hidden Tribe, Superathletes, and the Greatest Race the World Has Never Seen",RATING : Two Star,27.35
868,Blink: The Power of Thinking Without Thinking,RATING : Five Star,21.74
869,Black Flags: The Rise of ISIS,RATING : One Star,40.87
870,"Black Butler, Vol. 1 (Black Butler #1)",RATING : One Star,49.31
871,Big Little Lies,RATING : One Star,22.11
872,Between Shades of Gray,RATING : Five Star,20.79
873,Best of My Love (Fool's Gold #20),RATING : Two Star,27.41
874,Beowulf,RATING : Two Star,38.35
875,Beautiful Creatures (Caster Chronicles #1),RATING : Five Star,21.55
876,Awkward,RATING : Two Star,38.02
877,Ash,RATING : Four Star,22.06
878,Are We There Yet?,RATING : Three Star,10.66
879,Are We Smart Enough to Know How Smart Animals Are?,RATING : One Star,56.58
880,Annie on My Mind,RATING : Five Star,36.83
881,And Then There Were None,RATING : Two Star,35.01
882,A Walk in the Woods: Rediscovering America on the Appalachian Trail,RATING : Four Star,30.48
883,A Visit from the Goon Squad,RATING : Five Star,14.08
884,A Storm of Swords (A Song of Ice and Fire #3),RATING : Two Star,31.22
885,A Heartbreaking Work of Staggering Genius,RATING : Five Star,54.29
886,8 Keys to Mental Health Through Exercise,RATING : One Star,31.04
887,#GIRLBOSS,RATING : One Star,50.96
888,"The Suffragettes (Little Black Classics, #96)",RATING : Two Star,11.89
889,The Sense of an Ending,RATING : Three Star,31.38
890,"The Sandman, Vol. 2: The Doll's House (The Sandman (volumes) #2)",RATING : One Star,54.81
891,The Course of Love,RATING : Three Star,16.78
892,Sugar Rush (Offensive Line #2),RATING : One Star,24.42
893,"Saga, Volume 2 (Saga (Collected Editions) #2)",RATING : Three Star,11.75
894,"Run, Spot, Run: The Ethics of Keeping Pets",RATING : One Star,20.02
895,New Moon (Twilight #2),RATING : Four Star,12.86
896,Life,RATING : Five Star,31.58
897,Kindle Paperwhite User's Guide,RATING : Three Star,34.0
898,H is for Hawk,RATING : Five Star,57.42
899,Girl Online On Tour (Girl Online #2),RATING : One Star,53.47
900,"Fruits Basket, Vol. 2 (Fruits Basket #2)",RATING : Five Star,11.64
901,Diary of a Minecraft Zombie Book 1: A Scare of a Dare (An Unofficial Minecraft Book),RATING : Four Star,52.88
902,"Y: The Last Man, Vol. 1: Unmanned (Y: The Last Man #1)",RATING : Four Star,18.51
903,While You Were Mine,RATING : Five Star,41.32
904,Where Lightning Strikes (Bleeding Stars #3),RATING : Three Star,39.77
905,When I'm Gone,RATING : Three Star,51.96
906,Ways of Seeing,RATING : Five Star,39.51
907,"Vampire Knight, Vol. 1 (Vampire Knight #1)",RATING : One Star,15.4
908,Vampire Girl (Vampire Girl #1),RATING : Two Star,53.82
909,Twenty Love Poems and a Song of Despair,RATING : Four Star,30.95
910,Travels with Charley: In Search of America,RATING : Five Star,57.82
911,Three Wishes (River of Time: California #1),RATING : Two Star,44.18
912,This One Moment (Pushing Limits #1),RATING : One Star,48.71
913,The Zombie Room,RATING : Five Star,19.69
914,"The Wicked + The Divine, Vol. 1: The Faust Act (The Wicked + The Divine)",RATING : Two Star,36.52
915,The Tumor,RATING : Five Star,41.56
916,The Story of Hong Gildong,RATING : Four Star,43.19
917,The Silent Wife,RATING : Five Star,12.34
918,The Silent Twin (Detective Jennifer Knight #3),RATING : Three Star,36.25
919,The Selfish Gene,RATING : One Star,29.45
920,The Secret Healer,RATING : Three Star,34.56
921,"The Sandman, Vol. 1: Preludes and Nocturnes (The Sandman (volumes) #1)",RATING : Three Star,54.12
922,The Republic,RATING : Three Star,33.78
923,The Odyssey,RATING : Three Star,29.64
924,The No. 1 Ladies' Detective Agency (No. 1 Ladies' Detective Agency #1),RATING : Four Star,57.7
925,The Nicomachean Ethics,RATING : One Star,36.34
926,The Name of the Wind (The Kingkiller Chronicle #1),RATING : Three Star,50.59
927,The Mirror & the Maze (The Wrath and the Dawn #1.5),RATING : One Star,29.38
928,The Little Prince,RATING : Two Star,45.42
929,The Light of the Fireflies,RATING : One Star,54.43
930,The Last Girl (The Dominion Trilogy #1),RATING : Two Star,36.26
931,The Iliad,RATING : One Star,16.16
932,The Hook Up (Game On #1),RATING : Five Star,36.29
933,The Haters,RATING : Five Star,27.89
934,The Girl You Lost,RATING : Five Star,12.29
935,The Girl In The Ice (DCI Erika Foster #1),RATING : Three Star,15.85
936,The End of the Jesus Era (An Investigation #1),RATING : One Star,14.4
937,The Edge of Reason (Bridget Jones #2),RATING : Four Star,19.18
938,The Complete Maus (Maus #1-2),RATING : Three Star,10.64
939,The Communist Manifesto,RATING : Three Star,14.76
940,The Bhagavad Gita,RATING : Three Star,57.49
941,The Bette Davis Club,RATING : Three Star,30.66
942,The Art of Not Breathing,RATING : Four Star,40.83
943,Taking Shots (Assassins #1),RATING : Two Star,18.88
944,Starlark,RATING : Three Star,25.83
945,"Skip Beat!, Vol. 01 (Skip Beat! #1)",RATING : Three Star,42.12
946,Sister Sable (The Mad Queen #1),RATING : Three Star,13.33
947,Shatter Me (Shatter Me #1),RATING : One Star,42.4
948,Shameless,RATING : Three Star,58.35
949,Shadow Rites (Jane Yellowrock #10),RATING : Four Star,21.72
950,Settling the Score (The Summer Games #1),RATING : Two Star,44.91
951,Sense and Sensibility,RATING : One Star,37.46
952,"Saga, Volume 1 (Saga (Collected Editions) #1)",RATING : One Star,28.48
953,"Rhythm, Chord & Malykhin",RATING : Two Star,28.34
954,"Rat Queens, Vol. 1: Sass & Sorcery (Rat Queens (Collected Editions) #1-5)",RATING : Five Star,46.96
955,Paradise Lost (Paradise #1),RATING : One Star,24.96
956,"Paper Girls, Vol. 1 (Paper Girls #1-5)",RATING : Four Star,21.71
957,"Ouran High School Host Club, Vol. 1 (Ouran High School Host Club #1)",RATING : Three Star,29.87
958,Origins (Alphas 0.5),RATING : One Star,28.99
959,One Second (Seven #7),RATING : Two Star,52.94
960,On the Road (Duluoz Legend),RATING : Three Star,32.36
961,Old Records Never Die: One Man's Quest for His Vinyl and His Past,RATING : Two Star,55.66
962,Off Sides (Off #1),RATING : Five Star,39.45
963,Of Mice and Men,RATING : Two Star,47.11
964,Myriad (Prentor #1),RATING : Four Star,58.75
965,My Perfect Mistake (Over the Top #1),RATING : Two Star,38.92
966,"Ms. Marvel, Vol. 1: No Normal (Ms. Marvel (2014-2015) #1)",RATING : Four Star,39.39
967,Meditations,RATING : Two Star,25.89
968,Matilda,RATING : One Star,28.34
969,Lost Among the Living,RATING : Four Star,27.7
970,Lord of the Flies,RATING : Three Star,24.89
971,Listen to Me (Fusion #1),RATING : Three Star,58.99
972,Kitchens of the Great Midwest,RATING : Five Star,57.2
973,Jane Eyre,RATING : Five Star,38.43
974,Imperfect Harmony,RATING : Four Star,34.74
975,Icing (Aces Hockey #2),RATING : Four Star,40.44
976,"Hawkeye, Vol. 1: My Life as a Weapon (Hawkeye #1)",RATING : Three Star,45.24
977,Having the Barbarian's Baby (Ice Planet Barbarians #7.5),RATING : Four Star,34.96
978,"Giant Days, Vol. 1 (Giant Days #1-4)",RATING : Four Star,56.76
979,"Fruits Basket, Vol. 1 (Fruits Basket #1)",RATING : Five Star,40.28
980,Frankenstein,RATING : Two Star,38.0
981,Forever Rockers (The Rocker #12),RATING : Three Star,28.8
982,Fighting Fate (Fighting #6),RATING : Three Star,39.24
983,Emma,RATING : Two Star,32.93
984,"Eat, Pray, Love",RATING : Three Star,51.32
985,Deep Under (Walker Security #1),RATING : Five Star,47.09
986,Choosing Our Religion: The Spiritual Lives of America's Nones,RATING : Four Star,28.42
987,Charlie and the Chocolate Factory (Charlie Bucket #1),RATING : Three Star,22.85
988,Charity's Cross (Charles Towne Belles #4),RATING : One Star,41.24
989,Bright Lines,RATING : Five Star,39.07
990,Bridget Jones's Diary (Bridget Jones #1),RATING : One Star,29.82
991,Bounty (Colorado Mountain #7),RATING : Four Star,37.26
992,Blood Defense (Samantha Brinkman #1),RATING : Three Star,20.3
993,"Bleach, Vol. 1: Strawberry and the Soul Reapers (Bleach #1)",RATING : Five Star,34.65
994,Beyond Good and Evil,RATING : One Star,43.38
995,Alice in Wonderland (Alice's Adventures in Wonderland #1),RATING : One Star,55.53
996,"Ajin: Demi-Human, Volume 1 (Ajin: Demi-Human #1)",RATING : Four Star,57.06
997,A Spy's Devotion (The Regency Spies of London #1),RATING : Five Star,16.97
998,1st to Die (Women's Murder Club #1),RATING : One Star,53.98
999,"1,000 Places to See Before You Die",RATING : Five Star,26.08
